"","ip","countryCode","countryName","asn","isp","block","hostname"
"1","199.101.34.12","US","United States","19185","-Reserved","0","199.101.34.12"
"2","149.166.76.133","US","United States","87","INDIANA-AS","0","149.166.76.133"
"3","73.22.255.55","US","United States","7922","COMCAST-7922","0","73.22.255.55"
"4","72.190.167.104","US","United States","11427","SCRR-11427","0","72.190.167.104"
"5","206.246.76.133","US","United States","7018","ATT-INTERNET4","0","206.246.76.133"
"6","96.63.190.136","US","United States","54578","FIBERCOMM","0","96.63.190.136"
"7","208.180.65.82","US","United States","19108","SUDDENLINK-COMMUNICATIONS","0","208.180.65.82"
"8","73.243.4.169","US","United States","7922","COMCAST-7922","0","73.243.4.169"
"9","128.252.174.220","US","United States","2552","WUSTL-ASN","0","128.252.174.220"
"10","172.58.139.229","US","United States","21928","T-MOBILE-AS21928","0","172.58.139.229"
"11","76.178.179.180","US","United States","10838","OCEANIC-INTERNET-RR","0","76.178.179.180"
"12","100.15.60.219","US","United States","701","UUNET","0","100.15.60.219"
"13","104.227.75.126","US","United States","36352","AS-COLOCROSSING","1","104.227.75.126"
"14","73.122.254.22","US","United States","7922","COMCAST-7922","0","73.122.254.22"
"15","71.105.236.45","US","United States","701","UUNET","0","71.105.236.45"
"16","75.86.105.126","US","United States","10796","SCRR-10796","0","75.86.105.126"
"17","173.220.166.58","US","United States","6128","CABLE-NET-1","0","173.220.166.58"
"18","173.63.184.68","US","United States","701","UUNET","0","173.63.184.68"
"19","24.154.181.184","US","United States","27364","ACS-INTERNET","0","24.154.181.184"
"20","24.229.183.111","US","United States","3737","PTD-AS","0","24.229.183.111"
"21","208.66.148.142","US","United States","13823","MESH-NET","0","208.66.148.142"
"22","73.106.95.141","US","United States","7922","COMCAST-7922","0","73.106.95.141"
"23","70.124.147.233","US","United States","11427","SCRR-11427","0","70.124.147.233"
"24","174.18.64.251","US","United States","209","CENTURYLINK-US-LEGACY-QWEST","0","174.18.64.251"
"25","68.196.50.47","US","United States","6128","CABLE-NET-1","0","68.196.50.47"
"26","50.236.85.219","US","United States","7922","COMCAST-7922","0","50.236.85.219"
"27","67.197.66.205","US","United States","14615","ROCK-HILL-TELEPHONE","0","67.197.66.205"
"28","98.17.202.245","US","United States","11349","WINDSTREAM","0","98.17.202.245"
"29","75.172.163.127","US","United States","209","CENTURYLINK-US-LEGACY-QWEST","0","75.172.163.127"
"30","65.31.222.201","US","United States","11427","SCRR-11427","0","65.31.222.201"
"31","73.133.53.32","US","United States","7922","COMCAST-7922","0","73.133.53.32"
"32","199.227.131.146","US","United States","3549","LVLT-3549","2","199.227.131.146"
"33","173.79.248.222","US","United States","701","UUNET","0","173.79.248.222"
"34","71.186.146.30","US","United States","701","UUNET","0","71.186.146.30"
"35","71.8.86.183","US","United States","20115","CHARTER-NET-HKY-NC","0","71.8.86.183"
"36","207.201.229.2","US","United States","40847","IBML-US-HQ","0","207.201.229.2"
"37","23.112.240.10","US","United States","7018","ATT-INTERNET4","0","23.112.240.10"
"38","74.79.66.152","US","United States","11351","RR-NYSREGION-ASN-01","0","74.79.66.152"
"39","98.252.142.174","US","United States","7922","COMCAST-7922","0","98.252.142.174"
"40","47.40.98.212","US","United States","20115","CHARTER-NET-HKY-NC","0","47.40.98.212"
"41","24.193.81.26","US","United States","12271","SCRR-12271","0","24.193.81.26"
"42","76.174.192.221","US","United States","20001","ROADRUNNER-WEST","0","76.174.192.221"
"43","50.252.76.246","US","United States","7922","COMCAST-7922","0","50.252.76.246"
"44","66.66.3.100","US","United States","11351","RR-NYSREGION-ASN-01","0","66.66.3.100"
"45","73.133.183.132","US","United States","7922","COMCAST-7922","0","73.133.183.132"
"46","64.203.217.212","US","United States","22646","HARCOM1","0","64.203.217.212"
"47","63.227.46.220","US","United States","209","CENTURYLINK-US-LEGACY-QWEST","0","63.227.46.220"
"48","108.45.173.181","US","United States","701","UUNET","0","108.45.173.181"
"49","68.229.191.238","US","United States","22773","ASN-CXA-ALL-CCI-22773-RDC","0","68.229.191.238"
"50","65.27.224.44","US","United States","10796","SCRR-10796","0","65.27.224.44"
"51","198.1.29.5","US","United States","19893","RAGINGWIRE","1","198.1.29.5"
"52","65.60.89.50","US","United States","14265","US-TELEPACIFIC","0","65.60.89.50"
"53","212.112.118.187","KG","Kyrgyzstan","12764","AKNET-AS","0","212.112.118.187"
"54","76.119.129.7","US","United States","7015","COMCAST-7015","0","76.119.129.7"
"55","173.239.230.76","US","United States","46562","TOTAL-SERVER-SOLUTIONS","1","173.239.230.76"
"56","72.28.171.16","US","United States","53250","ATLANTICBB-AIKEN","0","72.28.171.16"
"57","24.10.22.33","US","United States","7922","COMCAST-7922","0","24.10.22.33"
"58","184.89.140.80","US","United States","33363","BHN-TAMPA","0","184.89.140.80"
"59","184.18.193.7","US","United States","5650","FRONTIER-FRTR","0","184.18.193.7"
"60","171.64.240.32","US","United States","32","STANFORD","0","171.64.240.32"
"61","24.253.100.24","US","United States","22773","ASN-CXA-ALL-CCI-22773-RDC","0","24.253.100.24"
"62","208.68.27.63","US","United States","237","MERIT-AS-14","0","208.68.27.63"
"63","68.110.74.70","US","United States","22773","ASN-CXA-ALL-CCI-22773-RDC","0","68.110.74.70"
"64","69.114.251.28","US","United States","6128","CABLE-NET-1","0","69.114.251.28"
"65","47.154.2.212","US","United States","5650","FRONTIER-FRTR","0","47.154.2.212"
"66","190.11.242.227","EC","Ecuador","27740","NEW","0","190.11.242.227"
"67","76.77.193.185","US","United States","23465","NUTELECOM","0","76.77.193.185"
"68","207.118.119.210","US","United States","209","CENTURYLINK-US-LEGACY-QWEST","0","207.118.119.210"
"69","172.56.34.206","US","United States","21928","T-MOBILE-AS21928","0","172.56.34.206"
"70","107.132.165.175","US","United States","7018","ATT-INTERNET4","0","107.132.165.175"
"71","108.213.140.246","US","United States","7018","ATT-INTERNET4","0","108.213.140.246"
"72","209.6.44.154","US","United States","6079","RCN-AS","0","209.6.44.154"
"73","104.63.94.49","US","United States","7018","ATT-INTERNET4","0","104.63.94.49"
"74","104.129.196.214","US","United States","22616","ZSCALER-SJC1","0","104.129.196.214"
"75","71.204.107.4","US","United States","7922","COMCAST-7922","0","71.204.107.4"
"76","75.177.98.242","US","United States","11426","SCRR-11426","0","75.177.98.242"
"77","50.93.233.253","US","United States","14155","RURAL-TELEPHONE-SVCCO","0","50.93.233.253"
"78","47.205.40.202","US","United States","5650","FRONTIER-FRTR","0","47.205.40.202"
"79","206.123.141.93","US","United States","1421","WANSECURITY","1","206.123.141.93"
"80","96.69.151.57","US","United States","7922","COMCAST-7922","0","96.69.151.57"
"81","38.77.17.254","US","United States","174","COGENT-174","2","38.77.17.254"
"82","76.113.106.166","US","United States","7922","COMCAST-7922","0","76.113.106.166"
"83","64.25.129.70","US","United States","21947","BCI","0","64.25.129.70"
"84","69.204.24.138","US","United States","11351","RR-NYSREGION-ASN-01","0","69.204.24.138"
"85","173.239.232.96","US","United States","46562","TOTAL-SERVER-SOLUTIONS","1","173.239.232.96"
"86","99.97.222.249","US","United States","7018","ATT-INTERNET4","0","99.97.222.249"
"87","165.225.38.80","US","United States","22616","ZSCALER-SJC1","0","165.225.38.80"
"88","142.255.81.192","US","United States","12271","SCRR-12271","0","142.255.81.192"
"89","141.158.49.106","US","United States","701","UUNET","0","141.158.49.106"
"90","73.156.28.2","US","United States","7922","COMCAST-7922","0","73.156.28.2"
"91","68.34.55.206","US","United States","7922","COMCAST-7922","0","68.34.55.206"
"92","73.123.109.140","US","United States","7015","COMCAST-7015","0","73.123.109.140"
"93","45.72.6.182","CA","Canada","55286","SERVER-MANIA","1","45.72.6.182"
"94","73.9.242.154","US","United States","7922","COMCAST-7922","0","73.9.242.154"
"95","174.20.168.240","US","United States","209","CENTURYLINK-US-LEGACY-QWEST","0","174.20.168.240"
"96","24.167.184.31","US","United States","11426","SCRR-11426","0","24.167.184.31"
"97","174.62.193.163","US","United States","7015","COMCAST-7015","0","174.62.193.163"
"98","172.58.152.5","US","United States","21928","T-MOBILE-AS21928","0","172.58.152.5"
"99","68.203.0.253","US","United States","11427","SCRR-11427","0","68.203.0.253"
"100","50.76.197.113","US","United States","7922","COMCAST-7922","0","50.76.197.113"
"101","152.16.191.250","US","United States","13371","DUKE-INTERCHANGE","0","152.16.191.250"
"102","68.203.9.3","US","United States","11427","SCRR-11427","0","68.203.9.3"
"103","47.135.202.158","US","United States","20115","CHARTER-NET-HKY-NC","0","47.135.202.158"
"104","70.162.74.244","US","United States","22773","ASN-CXA-ALL-CCI-22773-RDC","0","70.162.74.244"
"105","164.52.229.194","US","United States","33154","DQECOM","0","164.52.229.194"
"106","73.182.209.236","US","United States","7015","COMCAST-7015","0","73.182.209.236"
"107","198.203.255.251","US","United States","33596","BRUNSWICKCORPORATION","0","198.203.255.251"
"108","207.229.186.145","US","United States","6079","RCN-AS","0","207.229.186.145"
"109","66.176.255.129","US","United States","7922","COMCAST-7922","0","66.176.255.129"
"110","73.234.169.59","US","United States","7015","COMCAST-7015","0","73.234.169.59"
"111","47.134.148.164","US","United States","20115","CHARTER-NET-HKY-NC","0","47.134.148.164"
"112","98.161.26.78","US","United States","22773","ASN-CXA-ALL-CCI-22773-RDC","0","98.161.26.78"
"113","165.225.0.110","US","United States","22616","ZSCALER-SJC1","0","165.225.0.110"
"114","104.55.67.217","US","United States","7018","ATT-INTERNET4","0","104.55.67.217"
"115","76.16.199.2","US","United States","7922","COMCAST-7922","0","76.16.199.2"
"116","12.188.4.218","US","United States","7018","ATT-INTERNET4","0","12.188.4.218"
"117","99.31.191.15","US","United States","7018","ATT-INTERNET4","0","99.31.191.15"
"118","208.68.216.10","US","United States","40175","HEALTHSOUTH","0","208.68.216.10"
"119","208.87.165.39","US","United States","63008","CONTINA","1","208.87.165.39"
"120","68.111.152.150","US","United States","22773","ASN-CXA-ALL-CCI-22773-RDC","0","68.111.152.150"
"121","128.146.182.47","US","United States","159","OSUNET-AS","0","128.146.182.47"
"122","174.104.13.169","US","United States","10796","SCRR-10796","0","174.104.13.169"
"123","52.144.44.48","US","United States","36007","KAMATERA","0","52.144.44.48"
"124","199.224.16.12","US","United States","54559","ALGH-DCS","0","199.224.16.12"
"125","141.126.132.106","US","United States","20115","CHARTER-NET-HKY-NC","0","141.126.132.106"
"126","69.138.198.130","US","United States","7922","COMCAST-7922","0","69.138.198.130"
"127","66.189.97.154","US","United States","20115","CHARTER-NET-HKY-NC","0","66.189.97.154"
"128","68.205.81.224","US","United States","33363","BHN-TAMPA","0","68.205.81.224"
"129","70.180.142.28","US","United States","22773","ASN-CXA-ALL-CCI-22773-RDC","0","70.180.142.28"
"130","96.32.163.117","US","United States","20115","CHARTER-NET-HKY-NC","0","96.32.163.117"
"131","174.226.23.40","US","United States","22394","CELLCO","0","174.226.23.40"
"132","73.208.15.190","US","United States","7922","COMCAST-7922","0","73.208.15.190"
"133","100.1.75.131","US","United States","701","UUNET","0","100.1.75.131"
"134","71.211.64.223","US","United States","209","CENTURYLINK-US-LEGACY-QWEST","0","71.211.64.223"
"135","68.230.101.113","US","United States","22773","ASN-CXA-ALL-CCI-22773-RDC","0","68.230.101.113"
"136","67.4.205.162","US","United States","209","CENTURYLINK-US-LEGACY-QWEST","0","67.4.205.162"
"137","69.174.154.58","US","United States","30600","AS-CMN","0","69.174.154.58"
"138","99.64.253.4","US","United States","7018","ATT-INTERNET4","0","99.64.253.4"
"139","131.204.156.128","US","United States","6112","AUBURN","0","131.204.156.128"
"140","73.174.27.16","US","United States","7922","COMCAST-7922","0","73.174.27.16"
"141","73.211.77.114","US","United States","7922","COMCAST-7922","0","73.211.77.114"
"142","73.228.132.19","US","United States","7922","COMCAST-7922","0","73.228.132.19"
"143","98.248.104.87","US","United States","7922","COMCAST-7922","0","98.248.104.87"
"144","192.210.197.136","US","United States","36352","AS-COLOCROSSING","1","192.210.197.136"
"145","73.126.19.239","US","United States","7015","COMCAST-7015","0","73.126.19.239"
"146","174.155.236.168","US","United States","3651","SPRINT-BB6","0","174.155.236.168"
"147","174.222.131.119","US","United States","22394","CELLCO","0","174.222.131.119"
"148","65.130.208.144","US","United States","209","CENTURYLINK-US-LEGACY-QWEST","0","65.130.208.144"
"149","70.140.24.236","US","United States","7018","ATT-INTERNET4","0","70.140.24.236"
"150","128.197.59.57","US","United States","111","BOSTONU-AS","0","128.197.59.57"
"151","75.55.154.34","US","United States","7018","ATT-INTERNET4","0","75.55.154.34"
"152","108.239.247.30","US","United States","7018","ATT-INTERNET4","0","108.239.247.30"
"153","71.178.182.16","US","United States","701","UUNET","0","71.178.182.16"
"154","78.179.104.109","TR","Turkey","9121","TTNET","0","78.179.104.109"
"155","98.226.21.145","US","United States","7922","COMCAST-7922","0","98.226.21.145"
"156","73.189.147.24","US","United States","7922","COMCAST-7922","0","73.189.147.24"
"157","67.160.207.85","US","United States","7922","COMCAST-7922","0","67.160.207.85"
"158","71.194.123.244","US","United States","7922","COMCAST-7922","0","71.194.123.244"
"159","68.108.0.148","US","United States","22773","ASN-CXA-ALL-CCI-22773-RDC","0","68.108.0.148"
"160","99.73.157.109","US","United States","7018","ATT-INTERNET4","0","99.73.157.109"
"161","73.160.112.48","US","United States","7922","COMCAST-7922","0","73.160.112.48"
"162","66.69.40.101","US","United States","11427","SCRR-11427","0","66.69.40.101"
"163","180.131.254.10","JP","Japan","55900","AS55900","0","180.131.254.10"
"164","24.208.211.116","US","United States","10796","SCRR-10796","0","24.208.211.116"
"165","98.239.174.73","US","United States","7922","COMCAST-7922","0","98.239.174.73"
"166","12.184.121.242","US","United States","7018","ATT-INTERNET4","0","12.184.121.242"
"167","47.196.80.92","US","United States","5650","FRONTIER-FRTR","0","47.196.80.92"
"168","107.77.233.224","US","United States","20057","ATT-MOBILITY-LLC-AS20057","0","107.77.233.224"
"169","47.39.22.254","US","United States","20115","CHARTER-NET-HKY-NC","0","47.39.22.254"
"170","76.95.229.21","US","United States","20001","ROADRUNNER-WEST","0","76.95.229.21"
"171","174.224.8.178","US","United States","22394","CELLCO","0","174.224.8.178"
"172","68.228.235.216","US","United States","22773","ASN-CXA-ALL-CCI-22773-RDC","0","68.228.235.216"
"173","72.23.176.115","US","United States","27364","ACS-INTERNET","0","72.23.176.115"
"174","206.213.62.206","US","United States","14851","BANNER-HEALTH-ARIZONA","0","206.213.62.206"
"175","173.48.165.229","US","United States","701","UUNET","0","173.48.165.229"
"176","104.129.195.7","US","United States","22616","ZSCALER-SJC1","0","104.129.195.7"
"177","99.30.125.216","US","United States","7018","ATT-INTERNET4","0","99.30.125.216"
"178","184.1.98.115","US","United States","209","CENTURYLINK-US-LEGACY-QWEST","0","184.1.98.115"
"179","72.191.176.39","US","United States","11427","SCRR-11427","0","72.191.176.39"
"180","69.40.112.126","US","United States","7029","WINDSTREAM","0","69.40.112.126"
"181","71.28.80.153","US","United States","7029","WINDSTREAM","0","71.28.80.153"
"182","71.176.199.231","US","United States","701","UUNET","0","71.176.199.231"
"183","108.87.124.111","US","United States","7018","ATT-INTERNET4","0","108.87.124.111"
"184","172.58.19.23","US","United States","21928","T-MOBILE-AS21928","0","172.58.19.23"
"185","70.118.80.214","US","United States","11427","SCRR-11427","0","70.118.80.214"
"186","155.94.250.125","US","United States","8100","ASN-QUADRANET-GLOBAL","1","155.94.250.125"
"187","108.4.15.201","US","United States","701","UUNET","0","108.4.15.201"
"188","162.154.201.99","US","United States","10796","SCRR-10796","0","162.154.201.99"
"189","67.11.50.189","US","United States","11427","SCRR-11427","0","67.11.50.189"
"190","75.48.216.213","US","United States","7018","ATT-INTERNET4","0","75.48.216.213"
"191","173.26.84.3","US","United States","30036","MEDIACOM-ENTERPRISE-BUSINESS","0","173.26.84.3"
"192","68.64.118.38","US","United States","1640","TVSCABLE","0","68.64.118.38"
"193","165.200.110.5","US","United States","22809","AMFAM-INS","0","165.200.110.5"
"194","141.254.80.15","US","United States","22159","SUNY-SYSTEM-ADMIN","0","141.254.80.15"
"195","68.58.107.206","US","United States","7922","COMCAST-7922","0","68.58.107.206"
"196","71.169.165.144","US","United States","13977","CTELCO","0","71.169.165.144"
"197","69.193.6.242","US","United States","11351","RR-NYSREGION-ASN-01","0","69.193.6.242"
"198","73.204.124.125","US","United States","7922","COMCAST-7922","0","73.204.124.125"
"199","174.58.193.36","US","United States","7922","COMCAST-7922","0","174.58.193.36"
"200","98.30.49.118","US","United States","10796","SCRR-10796","0","98.30.49.118"
"201","99.123.54.196","US","United States","7018","ATT-INTERNET4","0","99.123.54.196"
"202","195.206.104.163","GB","United Kingdom","9009","M247","1","195.206.104.163"
"203","71.46.242.92","US","United States","33363","BHN-TAMPA","0","71.46.242.92"
"204","69.243.70.129","US","United States","7922","COMCAST-7922","0","69.243.70.129"
"205","97.66.215.85","US","United States","27338","OTELCO-AL","0","97.66.215.85"
"206","68.55.55.251","US","United States","7922","COMCAST-7922","0","68.55.55.251"
"207","67.224.93.70","CA","Canada","812","ROGERS-CABLE","0","67.224.93.70"
"208","42.106.13.139","IN","India","38266","HUTCHVAS-AS","0","42.106.13.139"
"209","71.60.34.172","US","United States","7922","COMCAST-7922","0","71.60.34.172"
"210","75.118.97.193","US","United States","12083","WOW-INTERNET","0","75.118.97.193"
"211","128.92.167.74","US","United States","20115","CHARTER-NET-HKY-NC","0","128.92.167.74"
"212","71.10.117.175","US","United States","20115","CHARTER-NET-HKY-NC","0","71.10.117.175"
"213","73.73.33.102","US","United States","7922","COMCAST-7922","0","73.73.33.102"
"214","24.228.83.19","US","United States","6128","CABLE-NET-1","0","24.228.83.19"
"215","68.51.82.121","US","United States","7922","COMCAST-7922","0","68.51.82.121"
"216","71.53.139.7","US","United States","209","CENTURYLINK-US-LEGACY-QWEST","0","71.53.139.7"
"217","67.174.116.10","US","United States","7922","COMCAST-7922","0","67.174.116.10"
"218","76.237.90.47","US","United States","7018","ATT-INTERNET4","0","76.237.90.47"
"219","73.208.186.246","US","United States","7922","COMCAST-7922","0","73.208.186.246"
"220","72.208.166.208","US","United States","22773","ASN-CXA-ALL-CCI-22773-RDC","0","72.208.166.208"
"221","24.56.20.69","US","United States","22773","ASN-CXA-ALL-CCI-22773-RDC","0","24.56.20.69"
"222","72.198.28.117","US","United States","22773","ASN-CXA-ALL-CCI-22773-RDC","0","72.198.28.117"
"223","76.97.235.181","US","United States","7922","COMCAST-7922","0","76.97.235.181"
"224","24.229.154.87","US","United States","3737","PTD-AS","0","24.229.154.87"
"225","47.18.210.111","US","United States","6128","CABLE-NET-1","0","47.18.210.111"
"226","98.26.233.134","US","United States","11426","SCRR-11426","0","98.26.233.134"
"227","98.111.145.121","US","United States","701","UUNET","0","98.111.145.121"
"228","174.54.245.38","US","United States","7922","COMCAST-7922","0","174.54.245.38"
"229","68.33.30.98","US","United States","7922","COMCAST-7922","0","68.33.30.98"
"230","68.47.244.98","US","United States","7922","COMCAST-7922","0","68.47.244.98"
"231","68.58.233.241","US","United States","7922","COMCAST-7922","0","68.58.233.241"
"232","69.62.173.58","US","United States","14051","SUREWEST","0","69.62.173.58"
"233","71.82.73.120","US","United States","20115","CHARTER-NET-HKY-NC","0","71.82.73.120"
"234","8.39.233.42","US","United States","27471","SYMN","0","8.39.233.42"
"235","97.120.82.145","US","United States","209","CENTURYLINK-US-LEGACY-QWEST","0","97.120.82.145"
"236","174.27.76.213","US","United States","209","CENTURYLINK-US-LEGACY-QWEST","0","174.27.76.213"
"237","113.173.66.88","VN","Viet Nam","45899","AS45899","0","113.173.66.88"
"238","168.24.85.175","US","United States","3479","PEACHNET-AS1","0","168.24.85.175"
"239","66.229.243.111","US","United States","7922","COMCAST-7922","0","66.229.243.111"
"240","107.142.176.135","US","United States","7018","ATT-INTERNET4","0","107.142.176.135"
"241","98.214.90.48","US","United States","7922","COMCAST-7922","0","98.214.90.48"
"242","68.60.242.135","US","United States","7922","COMCAST-7922","0","68.60.242.135"
"243","65.25.43.160","US","United States","10796","SCRR-10796","0","65.25.43.160"
"244","24.74.164.64","US","United States","11426","SCRR-11426","0","24.74.164.64"
"245","172.97.22.58","US","United States","394111","FRTCCNET","0","172.97.22.58"
"246","166.181.242.235","US","United States","6614","USCC-ASN","0","166.181.242.235"
"247","173.235.15.150","US","United States","11272","TELEPAK-NETWORKS-INC","0","173.235.15.150"
"248","72.152.226.164","US","United States","7018","ATT-INTERNET4","0","72.152.226.164"
"249","184.21.23.11","US","United States","7155","VIASAT-SP-BACKBONE","0","184.21.23.11"
"250","24.115.164.65","US","United States","3737","PTD-AS","0","24.115.164.65"
"251","67.160.180.163","US","United States","7922","COMCAST-7922","0","67.160.180.163"
"252","204.106.244.111","US","United States","47038","DMCI-BROADBAND","0","204.106.244.111"
"253","209.234.253.198","US","United States","33438","HIGHWINDS2","1","209.234.253.198"
"254","108.50.211.110","US","United States","701","UUNET","0","108.50.211.110"
"255","69.243.54.216","US","United States","7922","COMCAST-7922","0","69.243.54.216"
"256","99.203.118.234","US","United States","10507","SPCS","0","99.203.118.234"
"257","47.196.164.246","US","United States","5650","FRONTIER-FRTR","0","47.196.164.246"
"258","67.171.110.226","US","United States","7922","COMCAST-7922","0","67.171.110.226"
"259","184.91.134.106","US","United States","33363","BHN-TAMPA","0","184.91.134.106"
"260","174.99.41.131","US","United States","11426","SCRR-11426","0","174.99.41.131"
"261","174.224.7.6","US","United States","22394","CELLCO","0","174.224.7.6"
"262","192.189.85.117","US","United States","19009","ONECLEVELAND","0","192.189.85.117"
"263","71.209.243.141","US","United States","209","CENTURYLINK-US-LEGACY-QWEST","0","71.209.243.141"
"264","68.107.211.56","US","United States","22773","ASN-CXA-ALL-CCI-22773-RDC","0","68.107.211.56"
"265","73.86.189.128","US","United States","7922","COMCAST-7922","0","73.86.189.128"
"266","97.91.236.225","US","United States","20115","CHARTER-NET-HKY-NC","0","97.91.236.225"
"267","68.194.84.164","US","United States","6128","CABLE-NET-1","0","68.194.84.164"
"268","192.103.41.201","US","United States","11232","MIDCO-NET","0","192.103.41.201"
"269","74.242.161.109","US","United States","7018","ATT-INTERNET4","0","74.242.161.109"
"270","66.41.46.48","US","United States","7922","COMCAST-7922","0","66.41.46.48"
"271","74.177.183.241","US","United States","7018","ATT-INTERNET4","0","74.177.183.241"
"272","197.61.83.171","EG","Egypt","8452","TE-AS","0","197.61.83.171"
"273","99.33.197.34","US","United States","7018","ATT-INTERNET4","0","99.33.197.34"
"274","71.64.0.163","US","United States","10796","SCRR-10796","0","71.64.0.163"
"275","128.255.101.87","US","United States","3676","UIOWA-AS","0","128.255.101.87"
"276","50.88.125.211","US","United States","33363","BHN-TAMPA","0","50.88.125.211"
"277","12.219.86.114","US","United States","7018","ATT-INTERNET4","0","12.219.86.114"
"278","4.16.21.154","US","United States","3356","LEVEL3","0","4.16.21.154"
"279","104.35.170.65","US","United States","20001","ROADRUNNER-WEST","0","104.35.170.65"
"280","189.164.239.72","MX","Mexico","8151","Uninet","0","189.164.239.72"
"281","131.94.186.10","US","United States","3681","FIU","0","131.94.186.10"
"282","59.90.25.28","IN","India","9829","BSNL-NIB","0","59.90.25.28"
"283","204.108.237.194","US","United States","20413","CCIU-1","0","204.108.237.194"
"284","73.93.168.107","US","United States","7922","COMCAST-7922","0","73.93.168.107"
"285","73.86.34.213","US","United States","7922","COMCAST-7922","0","73.86.34.213"
"286","64.68.225.177","US","United States","13904","COSLINK","0","64.68.225.177"
"287","69.248.35.201","US","United States","7922","COMCAST-7922","0","69.248.35.201"
"288","12.130.185.152","US","United States","2386","INS-AS","0","12.130.185.152"
"289","73.1.92.245","US","United States","7922","COMCAST-7922","0","73.1.92.245"
"290","74.108.119.217","US","United States","701","UUNET","0","74.108.119.217"
"291","74.196.244.177","US","United States","19108","SUDDENLINK-COMMUNICATIONS","0","74.196.244.177"
"292","172.11.10.27","US","United States","7018","ATT-INTERNET4","0","172.11.10.27"
"293","174.198.0.95","US","United States","22394","CELLCO","0","174.198.0.95"
"294","107.5.153.140","US","United States","7922","COMCAST-7922","0","107.5.153.140"
"295","71.12.249.24","US","United States","20115","CHARTER-NET-HKY-NC","0","71.12.249.24"
"296","204.186.88.114","US","United States","3737","PTD-AS","0","204.186.88.114"
"297","73.187.47.196","US","United States","7922","COMCAST-7922","0","73.187.47.196"
"298","75.109.233.220","US","United States","19108","SUDDENLINK-COMMUNICATIONS","0","75.109.233.220"
"299","72.94.170.198","US","United States","701","UUNET","0","72.94.170.198"
"300","42.106.5.58","IN","India","38266","HUTCHVAS-AS","0","42.106.5.58"
"301","73.252.33.92","US","United States","7922","COMCAST-7922","0","73.252.33.92"
"302","108.65.124.61","US","United States","7018","ATT-INTERNET4","0","108.65.124.61"
"303","216.229.75.100","US","United States","11976","FIDN","0","216.229.75.100"
"304","40.136.249.181","US","United States","7029","WINDSTREAM","0","40.136.249.181"
"305","139.60.148.129","US","United States","46592","TOMBIGBEECOMM-1","0","139.60.148.129"
"306","76.16.217.123","US","United States","7922","COMCAST-7922","0","76.16.217.123"
"307","74.221.181.202","US","United States","26827","EPBTELECOM","0","74.221.181.202"
"308","108.188.242.172","US","United States","33363","BHN-TAMPA","0","108.188.242.172"
"309","96.67.130.33","US","United States","7922","COMCAST-7922","0","96.67.130.33"
"310","69.85.215.113","US","United States","13760","SOUTHERN-LIGHT","0","69.85.215.113"
"311","68.50.71.18","US","United States","7922","COMCAST-7922","0","68.50.71.18"
"312","143.231.249.141","US","United States","1999","HOUSE-AS-1","0","143.231.249.141"
"313","24.46.69.33","US","United States","6128","CABLE-NET-1","0","24.46.69.33"
"314","73.45.171.176","US","United States","7922","COMCAST-7922","0","73.45.171.176"
"315","75.110.236.133","US","United States","19108","SUDDENLINK-COMMUNICATIONS","0","75.110.236.133"
"316","32.210.42.248","US","United States","46690","SNET-FCC","0","32.210.42.248"
"317","71.224.241.36","US","United States","7922","COMCAST-7922","0","71.224.241.36"
"318","76.126.79.133","US","United States","7922","COMCAST-7922","0","76.126.79.133"
"319","66.235.38.49","US","United States","11404","AS-VOBIZ","0","66.235.38.49"
"320","172.5.128.63","US","United States","7018","ATT-INTERNET4","0","172.5.128.63"
"321","97.123.16.100","US","United States","209","CENTURYLINK-US-LEGACY-QWEST","0","97.123.16.100"
"322","107.77.210.212","US","United States","20057","ATT-MOBILITY-LLC-AS20057","0","107.77.210.212"
"323","71.221.145.90","US","United States","209","CENTURYLINK-US-LEGACY-QWEST","0","71.221.145.90"
"324","50.232.32.201","US","United States","7922","COMCAST-7922","0","50.232.32.201"
"325","186.86.28.58","CO","Colombia","14080","Telmex","0","186.86.28.58"
"326","107.210.162.40","US","United States","7018","ATT-INTERNET4","0","107.210.162.40"
"327","68.60.21.196","US","United States","7922","COMCAST-7922","0","68.60.21.196"
"328","50.89.213.70","US","United States","33363","BHN-TAMPA","0","50.89.213.70"
"329","68.231.178.131","US","United States","22773","ASN-CXA-ALL-CCI-22773-RDC","0","68.231.178.131"
"330","174.53.4.82","US","United States","7922","COMCAST-7922","0","174.53.4.82"
"331","199.193.237.16","US","United States","25899","LSNET","0","199.193.237.16"
"332","192.180.140.240","US","United States","10796","SCRR-10796","0","192.180.140.240"
"333","204.10.6.200","US","United States","14043","SCANSOURCE","0","204.10.6.200"
"334","99.2.104.118","US","United States","7018","ATT-INTERNET4","0","99.2.104.118"
"335","216.107.48.76","US","United States","7018","ATT-INTERNET4","0","216.107.48.76"
"336","104.129.204.132","US","United States","22616","ZSCALER-SJC1","0","104.129.204.132"
"337","73.173.164.159","US","United States","7922","COMCAST-7922","0","73.173.164.159"
"338","99.99.16.158","US","United States","7018","ATT-INTERNET4","0","99.99.16.158"
"339","199.117.36.110","US","United States","209","CENTURYLINK-US-LEGACY-QWEST","0","199.117.36.110"
"340","97.107.169.202","US","United States","16657","FIBERTECH-NETWORKS-AS-ROC-NY-US","0","97.107.169.202"
"341","73.58.139.178","US","United States","7922","COMCAST-7922","0","73.58.139.178"
"342","97.81.164.197","US","United States","20115","CHARTER-NET-HKY-NC","0","97.81.164.197"
"343","24.209.229.22","US","United States","10796","SCRR-10796","0","24.209.229.22"
"344","24.38.255.148","US","United States","6128","CABLE-NET-1","0","24.38.255.148"
"345","47.192.186.167","US","United States","5650","FRONTIER-FRTR","0","47.192.186.167"
"346","98.103.154.126","US","United States","10796","SCRR-10796","0","98.103.154.126"
"347","99.116.57.243","US","United States","7018","ATT-INTERNET4","0","99.116.57.243"
"348","207.118.224.252","US","United States","209","CENTURYLINK-US-LEGACY-QWEST","0","207.118.224.252"
"349","71.222.140.104","US","United States","209","CENTURYLINK-US-LEGACY-QWEST","0","71.222.140.104"
"350","100.15.249.32","US","United States","701","UUNET","0","100.15.249.32"
"351","173.172.151.222","US","United States","11427","SCRR-11427","0","173.172.151.222"
"352","74.14.210.239","CA","Canada","577","BACOM","0","74.14.210.239"
"353","75.165.11.175","US","United States","209","CENTURYLINK-US-LEGACY-QWEST","0","75.165.11.175"
"354","184.99.175.251","US","United States","209","CENTURYLINK-US-LEGACY-QWEST","0","184.99.175.251"
"355","99.203.17.148","US","United States","10507","SPCS","0","99.203.17.148"
"356","73.133.234.225","US","United States","7922","COMCAST-7922","0","73.133.234.225"
"357","47.40.138.209","US","United States","20115","CHARTER-NET-HKY-NC","0","47.40.138.209"
"358","71.214.219.169","US","United States","209","CENTURYLINK-US-LEGACY-QWEST","0","71.214.219.169"
"359","99.13.250.13","US","United States","7018","ATT-INTERNET4","0","99.13.250.13"
"360","98.164.23.141","US","United States","22773","ASN-CXA-ALL-CCI-22773-RDC","0","98.164.23.141"
"361","73.79.166.153","US","United States","7922","COMCAST-7922","0","73.79.166.153"
"362","73.22.253.67","US","United States","7922","COMCAST-7922","0","73.22.253.67"
"363","108.253.190.88","US","United States","7018","ATT-INTERNET4","0","108.253.190.88"
"364","108.83.80.179","US","United States","7018","ATT-INTERNET4","0","108.83.80.179"
"365","198.29.191.225","US","United States","26425","EXELON-CORPORATION","0","198.29.191.225"
"366","100.7.52.238","US","United States","701","UUNET","0","100.7.52.238"
"367","38.132.116.190","GB","United Kingdom","9009","M247","1","38.132.116.190"
"368","65.196.159.105","US","United States","701","UUNET","0","65.196.159.105"
"369","72.129.153.70","US","United States","10796","SCRR-10796","0","72.129.153.70"
"370","68.189.205.43","US","United States","20115","CHARTER-NET-HKY-NC","0","68.189.205.43"
"371","70.109.183.230","US","United States","13977","CTELCO","0","70.109.183.230"
"372","186.96.124.237","CO","Colombia","262186","TV","0","186.96.124.237"
"373","73.26.5.41","US","United States","7922","COMCAST-7922","0","73.26.5.41"
"374","74.97.48.154","US","United States","701","UUNET","0","74.97.48.154"
"375","96.225.131.197","US","United States","701","UUNET","0","96.225.131.197"
"376","75.132.192.254","US","United States","20115","CHARTER-NET-HKY-NC","0","75.132.192.254"
"377","198.97.224.57","US","United States","14035","KATTEN-MUCHIN-ROSENMAN-LLP","0","198.97.224.57"
"378","100.37.34.246","US","United States","701","UUNET","0","100.37.34.246"
"379","75.186.85.64","US","United States","10796","SCRR-10796","0","75.186.85.64"
"380","69.255.166.245","US","United States","7922","COMCAST-7922","0","69.255.166.245"
"381","174.28.63.249","US","United States","209","CENTURYLINK-US-LEGACY-QWEST","0","174.28.63.249"
"382","12.48.89.188","US","United States","7018","ATT-INTERNET4","0","12.48.89.188"
"383","198.140.4.136","US","United States","7726","FITC-AS","0","198.140.4.136"
"384","78.128.185.78","CZ","Czech Republic","2852","CESNET2","0","78.128.185.78"
"385","75.131.255.32","US","United States","20115","CHARTER-NET-HKY-NC","0","75.131.255.32"
"386","24.105.151.154","US","United States","12271","SCRR-12271","0","24.105.151.154"
"387","72.184.231.217","US","United States","33363","BHN-TAMPA","0","72.184.231.217"
"388","24.151.61.168","US","United States","20115","CHARTER-NET-HKY-NC","0","24.151.61.168"
"389","65.34.128.117","US","United States","7922","COMCAST-7922","0","65.34.128.117"
"390","73.91.2.152","US","United States","7922","COMCAST-7922","0","73.91.2.152"
"391","98.69.151.202","US","United States","7018","ATT-INTERNET4","0","98.69.151.202"
"392","162.195.100.159","US","United States","7018","ATT-INTERNET4","0","162.195.100.159"
"393","70.122.201.27","US","United States","11427","SCRR-11427","0","70.122.201.27"
"394","12.38.35.6","US","United States","7018","ATT-INTERNET4","0","12.38.35.6"
"395","50.81.244.86","US","United States","30036","MEDIACOM-ENTERPRISE-BUSINESS","0","50.81.244.86"
"396","174.255.197.109","US","United States","22394","CELLCO","0","174.255.197.109"
"397","97.122.221.213","US","United States","209","CENTURYLINK-US-LEGACY-QWEST","0","97.122.221.213"
"398","65.113.205.122","US","United States","209","CENTURYLINK-US-LEGACY-QWEST","0","65.113.205.122"
"399","66.215.52.160","US","United States","20115","CHARTER-NET-HKY-NC","0","66.215.52.160"
"400","204.69.139.16","US","United States","40250","UCHEALTH-01","0","204.69.139.16"
"401","66.90.188.239","US","United States","7459","GRANDECOM-AS1","0","66.90.188.239"
"402","96.72.13.157","US","United States","7922","COMCAST-7922","0","96.72.13.157"
"403","68.49.62.88","US","United States","7922","COMCAST-7922","0","68.49.62.88"
"404","104.201.210.78","US","United States","29848","WCU","0","104.201.210.78"
"405","72.76.188.121","US","United States","701","UUNET","0","72.76.188.121"
"406","24.143.126.158","US","United States","11404","AS-VOBIZ","0","24.143.126.158"
"407","208.234.169.18","US","United States","10453","CNIWEB","0","208.234.169.18"
"408","131.212.97.137","US","United States","217","UMN-SYSTEM","0","131.212.97.137"
"409","98.18.159.85","US","United States","7029","WINDSTREAM","0","98.18.159.85"
"410","76.27.28.176","US","United States","7922","COMCAST-7922","0","76.27.28.176"
"411","70.163.48.130","US","United States","22773","ASN-CXA-ALL-CCI-22773-RDC","0","70.163.48.130"
"412","173.9.20.193","US","United States","7922","COMCAST-7922","0","173.9.20.193"
"413","50.109.243.72","US","United States","5650","FRONTIER-FRTR","0","50.109.243.72"
"414","73.85.205.26","US","United States","7922","COMCAST-7922","0","73.85.205.26"
"415","73.104.46.222","US","United States","7922","COMCAST-7922","0","73.104.46.222"
"416","73.1.184.211","US","United States","7922","COMCAST-7922","0","73.1.184.211"
"417","23.240.53.224","US","United States","20001","ROADRUNNER-WEST","0","23.240.53.224"
"418","108.243.20.180","US","United States","7018","ATT-INTERNET4","0","108.243.20.180"
"419","66.81.52.113","US","United States","19864","O1COMM","0","66.81.52.113"
"420","50.224.210.219","US","United States","7922","COMCAST-7922","0","50.224.210.219"
"421","172.111.198.62","US","United States","18978","ENZUINC-US","1","172.111.198.62"
"422","73.61.16.24","US","United States","7015","COMCAST-7015","0","73.61.16.24"
"423","216.129.126.126","US","United States","11404","AS-VOBIZ","0","216.129.126.126"
"424","71.82.199.53","US","United States","20115","CHARTER-NET-HKY-NC","0","71.82.199.53"
"425","75.118.53.50","US","United States","12083","WOW-INTERNET","0","75.118.53.50"
"426","75.70.28.84","US","United States","7922","COMCAST-7922","0","75.70.28.84"
"427","216.119.214.193","US","United States","26380","MASTER-7-AS","0","216.119.214.193"
"428","66.24.228.221","US","United States","11351","RR-NYSREGION-ASN-01","0","66.24.228.221"
"429","174.196.129.60","US","United States","22394","CELLCO","0","174.196.129.60"
"430","72.177.211.16","US","United States","11427","SCRR-11427","0","72.177.211.16"
"431","40.136.231.227","US","United States","7029","WINDSTREAM","0","40.136.231.227"
"432","129.171.249.146","US","United States","4511","MIAMI-EDU","0","129.171.249.146"
"433","64.130.184.152","US","United States","29894","SCRTC","0","64.130.184.152"
"434","172.91.90.7","US","United States","20001","ROADRUNNER-WEST","0","172.91.90.7"
"435","86.105.9.100","GB","United Kingdom","9009","M247","1","86.105.9.100"
"436","72.185.190.207","US","United States","33363","BHN-TAMPA","0","72.185.190.207"
"437","104.227.86.227","CA","Canada","55286","SERVER-MANIA","1","104.227.86.227"
"438","70.95.168.52","US","United States","20001","ROADRUNNER-WEST","0","70.95.168.52"
"439","12.236.18.52","US","United States","7018","ATT-INTERNET4","0","12.236.18.52"
"440","108.190.28.88","US","United States","33363","BHN-TAMPA","0","108.190.28.88"
"441","70.186.223.228","US","United States","22773","ASN-CXA-ALL-CCI-22773-RDC","0","70.186.223.228"
"442","47.41.27.93","US","United States","20115","CHARTER-NET-HKY-NC","0","47.41.27.93"
"443","74.133.193.45","US","United States","10796","SCRR-10796","0","74.133.193.45"
"444","23.243.170.69","US","United States","20001","ROADRUNNER-WEST","0","23.243.170.69"
"445","67.140.16.212","US","United States","7029","WINDSTREAM","0","67.140.16.212"
"446","216.212.227.21","US","United States","16700","ROSENET-1","0","216.212.227.21"
"447","96.70.197.145","US","United States","7922","COMCAST-7922","0","96.70.197.145"
"448","173.168.29.183","US","United States","33363","BHN-TAMPA","0","173.168.29.183"
"449","71.208.226.129","US","United States","209","CENTURYLINK-US-LEGACY-QWEST","0","71.208.226.129"
"450","152.1.177.57","US","United States","11442","NCSU","0","152.1.177.57"
"451","68.97.217.240","US","United States","22773","ASN-CXA-ALL-CCI-22773-RDC","0","68.97.217.240"
"452","66.147.105.33","US","United States","7029","WINDSTREAM","0","66.147.105.33"
"453","98.220.196.13","US","United States","7922","COMCAST-7922","0","98.220.196.13"
"454","216.81.103.58","US","United States","11240","ATC-BROADBAND","0","216.81.103.58"
"455","70.190.188.38","US","United States","22773","ASN-CXA-ALL-CCI-22773-RDC","0","70.190.188.38"
"456","24.210.43.198","US","United States","10796","SCRR-10796","0","24.210.43.198"
"457","66.169.33.224","US","United States","20115","CHARTER-NET-HKY-NC","0","66.169.33.224"
"458","75.151.82.106","US","United States","7922","COMCAST-7922","0","75.151.82.106"
"459","74.79.136.187","US","United States","11351","RR-NYSREGION-ASN-01","0","74.79.136.187"
"460","24.119.43.242","US","United States","11492","CABLEONE","0","24.119.43.242"
"461","174.214.12.45","US","United States","22394","CELLCO","0","174.214.12.45"
"462","173.11.27.101","US","United States","7922","COMCAST-7922","0","173.11.27.101"
"463","24.205.20.167","US","United States","20115","CHARTER-NET-HKY-NC","0","24.205.20.167"
"464","162.96.9.32","US","United States","33274","ASN-FAIRVIEWHEALTHSERVICES","0","162.96.9.32"
"465","73.203.1.150","US","United States","7922","COMCAST-7922","0","73.203.1.150"
"466","97.102.18.22","US","United States","33363","BHN-TAMPA","0","97.102.18.22"
"467","96.230.107.180","US","United States","701","UUNET","0","96.230.107.180"
"468","68.229.191.204","US","United States","22773","ASN-CXA-ALL-CCI-22773-RDC","0","68.229.191.204"
"469","68.118.22.156","US","United States","20115","CHARTER-NET-HKY-NC","0","68.118.22.156"
"470","67.197.204.211","US","United States","14615","ROCK-HILL-TELEPHONE","0","67.197.204.211"
"471","47.40.24.22","US","United States","20115","CHARTER-NET-HKY-NC","0","47.40.24.22"
"472","190.238.84.105","PE","Peru","6147","Telefonica","0","190.238.84.105"
"473","73.126.1.20","US","United States","7015","COMCAST-7015","0","73.126.1.20"
"474","73.148.26.3","US","United States","7922","COMCAST-7922","0","73.148.26.3"
"475","50.90.244.4","US","United States","33363","BHN-TAMPA","0","50.90.244.4"
"476","67.253.21.12","US","United States","11351","RR-NYSREGION-ASN-01","0","67.253.21.12"
"477","24.47.101.45","US","United States","6128","CABLE-NET-1","0","24.47.101.45"
"478","108.12.52.158","US","United States","701","UUNET","0","108.12.52.158"
"479","73.174.62.246","US","United States","7922","COMCAST-7922","0","73.174.62.246"
"480","47.38.35.105","US","United States","20115","CHARTER-NET-HKY-NC","0","47.38.35.105"
"481","174.69.72.143","US","United States","22773","ASN-CXA-ALL-CCI-22773-RDC","0","174.69.72.143"
"482","73.184.249.17","US","United States","7922","COMCAST-7922","0","73.184.249.17"
"483","71.13.124.34","US","United States","20115","CHARTER-NET-HKY-NC","0","71.13.124.34"
"484","162.226.190.29","US","United States","7018","ATT-INTERNET4","0","162.226.190.29"
"485","199.87.130.129","US","United States","27326","VHSA-AS","0","199.87.130.129"
"486","104.175.253.183","US","United States","20001","ROADRUNNER-WEST","0","104.175.253.183"
"487","73.110.42.168","US","United States","7922","COMCAST-7922","0","73.110.42.168"
"488","47.18.32.87","US","United States","6128","CABLE-NET-1","0","47.18.32.87"
"489","216.21.164.75","US","United States","16591","GOOGLE-FIBER","0","216.21.164.75"
"490","100.10.6.82","US","United States","701","UUNET","0","100.10.6.82"
"491","71.230.182.230","US","United States","7922","COMCAST-7922","0","71.230.182.230"
"492","73.9.234.246","US","United States","7922","COMCAST-7922","0","73.9.234.246"
"493","97.73.97.65","US","United States","6621","HNS-DIRECPC","0","97.73.97.65"
"494","71.239.32.233","US","United States","7922","COMCAST-7922","0","71.239.32.233"
"495","157.49.157.238","IN","India","55836","RELIANCEJIO-IN","0","157.49.157.238"
"496","12.231.156.66","US","United States","7018","ATT-INTERNET4","0","12.231.156.66"
"497","160.2.200.107","US","United States","11492","CABLEONE","0","160.2.200.107"
"498","73.157.41.91","US","United States","7922","COMCAST-7922","0","73.157.41.91"
"499","67.168.183.66","US","United States","7922","COMCAST-7922","0","67.168.183.66"
"500","73.197.123.244","US","United States","7922","COMCAST-7922","0","73.197.123.244"
"501","67.87.235.26","US","United States","6128","CABLE-NET-1","0","67.87.235.26"
"502","50.107.80.124","US","United States","5650","FRONTIER-FRTR","0","50.107.80.124"
"503","66.56.225.144","US","United States","11426","SCRR-11426","0","66.56.225.144"
"504","98.197.147.91","US","United States","7922","COMCAST-7922","0","98.197.147.91"
"505","166.181.80.182","US","United States","6614","USCC-ASN","0","166.181.80.182"
"506","68.48.84.198","US","United States","7922","COMCAST-7922","0","68.48.84.198"
"507","199.101.78.2","US","United States","14622","EXPRESSJET","0","199.101.78.2"
"508","96.57.65.98","US","United States","6128","CABLE-NET-1","0","96.57.65.98"
"509","73.152.180.55","US","United States","7922","COMCAST-7922","0","73.152.180.55"
"510","107.219.209.212","US","United States","7018","ATT-INTERNET4","0","107.219.209.212"
"511","99.120.116.109","US","United States","7018","ATT-INTERNET4","0","99.120.116.109"
"512","50.80.246.157","US","United States","30036","MEDIACOM-ENTERPRISE-BUSINESS","0","50.80.246.157"
"513","70.91.205.93","US","United States","7922","COMCAST-7922","0","70.91.205.93"
"514","99.127.226.27","US","United States","7018","ATT-INTERNET4","0","99.127.226.27"
"515","162.198.44.182","US","United States","7018","ATT-INTERNET4","0","162.198.44.182"
"516","138.163.106.71","US","United States","665","AS665","0","138.163.106.71"
"517","108.171.133.171","US","United States","25605","SCANSAFE","0","108.171.133.171"
"518","12.159.81.5","US","United States","395393","MORLEY","0","12.159.81.5"
"519","71.236.100.7","US","United States","7922","COMCAST-7922","0","71.236.100.7"
"520","76.102.199.150","US","United States","7922","COMCAST-7922","0","76.102.199.150"
"521","128.118.152.250","US","United States","3999","PENN-STATE","0","128.118.152.250"
"522","204.148.9.94","US","United States","701","UUNET","0","204.148.9.94"
"523","161.165.196.109","US","United States","10695","WAL-MART","0","161.165.196.109"
"524","68.227.240.164","US","United States","22773","ASN-CXA-ALL-CCI-22773-RDC","0","68.227.240.164"
"525","184.155.37.196","US","United States","11492","CABLEONE","0","184.155.37.196"
"526","174.84.138.234","US","United States","20115","CHARTER-NET-HKY-NC","0","174.84.138.234"
"527","69.11.151.129","US","United States","4181","TDS-AS","0","69.11.151.129"
"528","172.58.11.42","US","United States","21928","T-MOBILE-AS21928","0","172.58.11.42"
"529","98.175.215.2","US","United States","22773","ASN-CXA-ALL-CCI-22773-RDC","0","98.175.215.2"
"530","162.216.161.117","JM","Jamaica","30689","FLOW-NET","0","162.216.161.117"
"531","172.242.106.44","US","United States","7155","VIASAT-SP-BACKBONE","0","172.242.106.44"
"532","172.58.40.189","US","United States","21928","T-MOBILE-AS21928","0","172.58.40.189"
"533","67.21.183.225","US","United States","12208","TRUVISTA","0","67.21.183.225"
"534","174.101.119.71","US","United States","10796","SCRR-10796","0","174.101.119.71"
"535","147.135.11.113","FR","France","16276","OVH","1","147.135.11.113"
"536","68.208.150.66","US","United States","6389","AS6389","0","68.208.150.66"
"537","184.183.170.249","US","United States","22773","ASN-CXA-ALL-CCI-22773-RDC","0","184.183.170.249"
"538","173.230.32.94","US","United States","23473","PAVLOVMEDIA","0","173.230.32.94"
"539","199.58.132.188","US","United States","23486","NETSPAN","0","199.58.132.188"
"540","45.4.196.93","HN","Honduras","265671","PODOJIL","0","45.4.196.93"
"541","24.127.88.69","US","United States","7922","COMCAST-7922","0","24.127.88.69"
"542","73.52.197.219","US","United States","7922","COMCAST-7922","0","73.52.197.219"
"543","104.11.61.83","US","United States","7018","ATT-INTERNET4","0","104.11.61.83"
"544","172.81.80.3","US","United States","25771","MAXIM-60","0","172.81.80.3"
"545","72.197.169.10","US","United States","22773","ASN-CXA-ALL-CCI-22773-RDC","0","72.197.169.10"
"546","165.91.12.213","US","United States","3794","TAMU","0","165.91.12.213"
"547","70.171.183.157","US","United States","22773","ASN-CXA-ALL-CCI-22773-RDC","0","70.171.183.157"
"548","98.235.171.81","US","United States","7922","COMCAST-7922","0","98.235.171.81"
"549","73.199.50.114","US","United States","7922","COMCAST-7922","0","73.199.50.114"
"550","72.198.60.3","US","United States","22773","ASN-CXA-ALL-CCI-22773-RDC","0","72.198.60.3"
"551","173.79.20.22","US","United States","701","UUNET","0","173.79.20.22"
"552","162.228.251.98","US","United States","7018","ATT-INTERNET4","0","162.228.251.98"
"553","73.2.182.75","US","United States","7922","COMCAST-7922","0","73.2.182.75"
"554","184.53.1.221","US","United States","6621","HNS-DIRECPC","0","184.53.1.221"
"555","40.135.70.170","US","United States","7029","WINDSTREAM","0","40.135.70.170"
"556","71.185.25.37","US","United States","701","UUNET","0","71.185.25.37"
"557","169.139.19.126","US","United States","8103","STATE-OF-FLA","0","169.139.19.126"
"558","192.136.162.134","US","United States","33728","UNITELINC","0","192.136.162.134"
"559","98.24.118.246","US","United States","11426","SCRR-11426","0","98.24.118.246"
"560","216.218.66.132","US","United States","20257","FTC-INET","0","216.218.66.132"
"561","156.143.240.137","US","United States","14319","FURMAN-2","0","156.143.240.137"
"562","69.142.146.37","US","United States","7922","COMCAST-7922","0","69.142.146.37"
"563","198.182.157.252","US","United States","40722","CALARTS","0","198.182.157.252"
"564","67.45.96.158","US","United States","6621","HNS-DIRECPC","0","67.45.96.158"
"565","68.107.38.9","US","United States","22773","ASN-CXA-ALL-CCI-22773-RDC","0","68.107.38.9"
"566","73.205.170.44","US","United States","7922","COMCAST-7922","0","73.205.170.44"
"567","99.191.129.123","US","United States","7018","ATT-INTERNET4","0","99.191.129.123"
"568","98.145.88.64","US","United States","10838","OCEANIC-INTERNET-RR","0","98.145.88.64"
"569","69.30.183.231","US","United States","7029","WINDSTREAM","0","69.30.183.231"
"570","24.167.170.251","US","United States","11426","SCRR-11426","0","24.167.170.251"
"571","205.156.136.247","US","United States","17161","MARSH","0","205.156.136.247"
"572","199.224.21.254","US","United States","17172","FJDPNET","0","199.224.21.254"
"573","108.84.29.16","US","United States","7018","ATT-INTERNET4","0","108.84.29.16"
"574","71.61.207.129","US","United States","7922","COMCAST-7922","0","71.61.207.129"
"575","104.129.18.226","US","United States","8100","ASN-QUADRANET-GLOBAL","1","104.129.18.226"
"576","196.146.6.218","EG","Egypt","36935","Vodafone-","0","196.146.6.218"
"577","131.150.178.110","US","United States","20115","CHARTER-NET-HKY-NC","0","131.150.178.110"
"578","97.112.1.68","US","United States","209","CENTURYLINK-US-LEGACY-QWEST","0","97.112.1.68"
"579","184.217.58.126","US","United States","3651","SPRINT-BB6","0","184.217.58.126"
"580","68.57.122.148","US","United States","7922","COMCAST-7922","0","68.57.122.148"
"581","108.228.88.56","US","United States","7018","ATT-INTERNET4","0","108.228.88.56"
"582","71.205.37.91","US","United States","7922","COMCAST-7922","0","71.205.37.91"
"583","50.86.50.106","US","United States","11272","TELEPAK-NETWORKS-INC","0","50.86.50.106"
"584","97.112.219.193","US","United States","209","CENTURYLINK-US-LEGACY-QWEST","0","97.112.219.193"
"585","47.202.0.183","US","United States","5650","FRONTIER-FRTR","0","47.202.0.183"
"586","104.219.153.236","US","United States","16863","HOMESC","0","104.219.153.236"
"587","107.137.248.126","US","United States","7018","ATT-INTERNET4","0","107.137.248.126"
"588","68.96.169.162","US","United States","22773","ASN-CXA-ALL-CCI-22773-RDC","0","68.96.169.162"
"589","199.38.60.2","US","United States","46523","KINETIX-TECH","0","199.38.60.2"
"590","68.6.165.152","US","United States","22773","ASN-CXA-ALL-CCI-22773-RDC","0","68.6.165.152"
"591","108.238.168.46","US","United States","7018","ATT-INTERNET4","0","108.238.168.46"
"592","66.168.194.54","US","United States","20115","CHARTER-NET-HKY-NC","0","66.168.194.54"
"593","98.235.156.50","US","United States","7922","COMCAST-7922","0","98.235.156.50"
"594","107.4.50.69","US","United States","7922","COMCAST-7922","0","107.4.50.69"
"595","149.119.163.29","US","United States","11872","SYRACUSE-UNIVERSITY","0","149.119.163.29"
"596","96.29.162.64","US","United States","10796","SCRR-10796","0","96.29.162.64"
"597","38.88.146.82","US","United States","174","COGENT-174","2","38.88.146.82"
"598","128.23.255.15","US","United States","13429","MUSC","0","128.23.255.15"
"599","47.186.229.215","US","United States","5650","FRONTIER-FRTR","0","47.186.229.215"
"600","52.144.111.218","US","United States","26077","NEXTLINK-TEXAS","0","52.144.111.218"
"601","192.67.88.40","US","United States","19819","BRADYCOM","0","192.67.88.40"
"602","172.76.100.170","US","United States","5650","FRONTIER-FRTR","0","172.76.100.170"
"603","45.19.1.0","US","United States","7018","ATT-INTERNET4","0","45.19.1.0"
"604","73.246.98.161","US","United States","7922","COMCAST-7922","0","73.246.98.161"
"605","162.198.64.96","US","United States","7018","ATT-INTERNET4","0","162.198.64.96"
"606","157.182.121.252","US","United States","12118","WVU","0","157.182.121.252"
"607","74.140.138.91","US","United States","10796","SCRR-10796","0","74.140.138.91"
"608","202.166.215.130","NP","Nepal","17501","WLINK-NEPAL-AS-AP","0","202.166.215.130"
"609","23.112.114.15","US","United States","7018","ATT-INTERNET4","0","23.112.114.15"
"610","75.177.143.40","US","United States","11426","SCRR-11426","0","75.177.143.40"
"611","24.21.207.81","US","United States","7922","COMCAST-7922","0","24.21.207.81"
"612","68.188.167.211","US","United States","20115","CHARTER-NET-HKY-NC","0","68.188.167.211"
"613","68.84.231.232","US","United States","7922","COMCAST-7922","0","68.84.231.232"
"614","170.253.153.206","US","United States","46687","AS46687","0","170.253.153.206"
"615","192.111.112.81","US","United States","3464","ASC-NET","0","192.111.112.81"
"616","73.44.167.100","US","United States","7922","COMCAST-7922","0","73.44.167.100"
"617","142.196.143.21","US","United States","33363","BHN-TAMPA","0","142.196.143.21"
"618","72.175.2.193","US","United States","33588","BRESNAN-AS","0","72.175.2.193"
"619","73.31.183.136","US","United States","7922","COMCAST-7922","0","73.31.183.136"
"620","63.151.162.14","US","United States","209","CENTURYLINK-US-LEGACY-QWEST","0","63.151.162.14"
"621","199.67.138.43","US","United States","4996","SBI","0","199.67.138.43"
"622","107.219.233.213","US","United States","7018","ATT-INTERNET4","0","107.219.233.213"
"623","108.200.221.90","US","United States","7018","ATT-INTERNET4","0","108.200.221.90"
"624","70.29.15.190","CA","Canada","577","BACOM","0","70.29.15.190"
"625","108.161.151.123","US","United States","21581","M5HOSTING","1","108.161.151.123"
"626","72.178.30.133","US","United States","11427","SCRR-11427","0","72.178.30.133"
"627","148.73.115.1","US","United States","18642","SAGENET-ENT2","0","148.73.115.1"
"628","199.234.90.149","US","United States","7795","LUMOS","0","199.234.90.149"
"629","144.121.28.235","US","United States","46887","LIGHTOWER","0","144.121.28.235"
"630","71.73.76.53","US","United States","10796","SCRR-10796","0","71.73.76.53"
"631","47.153.245.144","US","United States","5650","FRONTIER-FRTR","0","47.153.245.144"
"632","172.58.87.50","US","United States","21928","T-MOBILE-AS21928","0","172.58.87.50"
"633","96.59.128.128","US","United States","33363","BHN-TAMPA","0","96.59.128.128"
"634","130.132.173.148","US","United States","29","YALE-AS","0","130.132.173.148"
"635","130.18.101.131","US","United States","10546","MSSTATE","0","130.18.101.131"
"636","68.55.120.153","US","United States","7922","COMCAST-7922","0","68.55.120.153"
"637","173.172.27.163","US","United States","11427","SCRR-11427","0","173.172.27.163"
"638","98.220.39.140","US","United States","7922","COMCAST-7922","0","98.220.39.140"
"639","173.72.190.210","US","United States","701","UUNET","0","173.72.190.210"
"640","174.222.158.30","US","United States","22394","CELLCO","0","174.222.158.30"
"641","108.219.51.154","US","United States","7018","ATT-INTERNET4","0","108.219.51.154"
"642","72.183.41.121","US","United States","11427","SCRR-11427","0","72.183.41.121"
"643","71.42.195.172","US","United States","11427","SCRR-11427","0","71.42.195.172"
"644","174.85.234.72","US","United States","20115","CHARTER-NET-HKY-NC","0","174.85.234.72"
"645","47.205.112.69","US","United States","5650","FRONTIER-FRTR","0","47.205.112.69"
"646","47.183.214.198","US","United States","5650","FRONTIER-FRTR","0","47.183.214.198"
"647","38.102.37.17","US","United States","30555","BUILD","0","38.102.37.17"
"648","73.241.251.89","US","United States","7922","COMCAST-7922","0","73.241.251.89"
"649","161.77.57.195","US","United States","7849","CROCKERCOM","0","161.77.57.195"
"650","132.198.22.255","US","United States","1351","UVM-EDU-AS","0","132.198.22.255"
"651","69.236.75.173","US","United States","7018","ATT-INTERNET4","0","69.236.75.173"
"652","204.58.233.6","US","United States","14888","FNNI-AS14888","0","204.58.233.6"
"653","67.202.213.1","US","United States","7381","SUNGARDRS","1","67.202.213.1"
"654","184.101.36.177","US","United States","209","CENTURYLINK-US-LEGACY-QWEST","0","184.101.36.177"
"655","130.127.35.204","US","United States","12148","CLEMSONU","0","130.127.35.204"
"656","76.104.1.15","US","United States","7922","COMCAST-7922","0","76.104.1.15"
"657","107.181.164.81","US","United States","46562","TOTAL-SERVER-SOLUTIONS","1","107.181.164.81"
"658","173.174.144.246","US","United States","11427","SCRR-11427","0","173.174.144.246"
"659","173.174.144.230","US","United States","11427","SCRR-11427","0","173.174.144.230"
"660","98.224.133.95","US","United States","7922","COMCAST-7922","0","98.224.133.95"
"661","104.129.204.104","US","United States","22616","ZSCALER-SJC1","0","104.129.204.104"
"662","50.235.162.2","US","United States","7922","COMCAST-7922","0","50.235.162.2"
"663","38.95.218.156","US","United States","40128","MUSFIBERNET","0","38.95.218.156"
"664","192.161.72.93","US","United States","4922","SHENTEL","0","192.161.72.93"
"665","68.61.124.201","US","United States","7922","COMCAST-7922","0","68.61.124.201"
"666","24.140.10.240","US","United States","12097","MASSCOM","0","24.140.10.240"
"667","208.76.113.3","US","United States","40468","MONTGOMERYCOUNTYMDGOV","0","208.76.113.3"
"668","70.130.88.199","US","United States","7018","ATT-INTERNET4","0","70.130.88.199"
"669","128.138.145.215","US","United States","104","COLORADO-AS","0","128.138.145.215"
"670","174.54.169.200","US","United States","7922","COMCAST-7922","0","174.54.169.200"
"671","38.93.170.79","US","United States","393238","IMONC","0","38.93.170.79"
"672","151.201.148.168","US","United States","701","UUNET","0","151.201.148.168"
"673","207.28.116.253","US","United States","6122","ICN-AS","0","207.28.116.253"
"674","67.60.21.89","US","United States","11492","CABLEONE","0","67.60.21.89"
"675","99.120.144.62","US","United States","7018","ATT-INTERNET4","0","99.120.144.62"
"676","97.102.64.181","US","United States","33363","BHN-TAMPA","0","97.102.64.181"
"677","137.118.203.116","US","United States","6250","NEONOVA-NET","0","137.118.203.116"
"678","32.218.121.3","US","United States","46690","SNET-FCC","0","32.218.121.3"
"679","73.76.48.249","US","United States","7922","COMCAST-7922","0","73.76.48.249"
"680","35.132.166.226","US","United States","20115","CHARTER-NET-HKY-NC","0","35.132.166.226"
"681","192.132.44.53","US","United States","46321","FISD-NOC","0","192.132.44.53"
"682","73.221.202.162","US","United States","7922","COMCAST-7922","0","73.221.202.162"
"683","99.190.34.21","US","United States","7018","ATT-INTERNET4","0","99.190.34.21"
"684","24.218.173.86","US","United States","7015","COMCAST-7015","0","24.218.173.86"
"685","172.76.65.146","US","United States","5650","FRONTIER-FRTR","0","172.76.65.146"
"686","172.92.213.228","US","United States","11404","AS-VOBIZ","0","172.92.213.228"
"687","92.185.130.18","ES","Spain","12479","UNI2-AS","0","92.185.130.18"
"688","108.234.72.38","US","United States","7018","ATT-INTERNET4","0","108.234.72.38"
"689","69.250.139.23","US","United States","7922","COMCAST-7922","0","69.250.139.23"
"690","192.180.161.232","US","United States","10796","SCRR-10796","0","192.180.161.232"
"691","68.5.68.191","US","United States","22773","ASN-CXA-ALL-CCI-22773-RDC","0","68.5.68.191"
"692","76.188.53.196","US","United States","10796","SCRR-10796","0","76.188.53.196"
"693","75.110.236.173","US","United States","19108","SUDDENLINK-COMMUNICATIONS","0","75.110.236.173"
"694","70.177.181.202","US","United States","22773","ASN-CXA-ALL-CCI-22773-RDC","0","70.177.181.202"
"695","73.73.40.52","US","United States","7922","COMCAST-7922","0","73.73.40.52"
"696","99.203.20.151","US","United States","10507","SPCS","0","99.203.20.151"
"697","71.41.44.74","US","United States","33363","BHN-TAMPA","0","71.41.44.74"
"698","70.95.183.23","US","United States","20001","ROADRUNNER-WEST","0","70.95.183.23"
"699","138.9.24.254","US","United States","18663","UOP-AS","0","138.9.24.254"
"700","94.37.16.70","IT","Italy","8612","TISCALI-","0","94.37.16.70"
"701","216.195.97.82","US","United States","33481","BELWAVE-COMMUNICATIONS","0","216.195.97.82"
"702","112.133.236.165","IN","India","24186","RAILTEL-AS-IN","0","112.133.236.165"
"703","71.9.83.222","US","United States","20115","CHARTER-NET-HKY-NC","0","71.9.83.222"
"704","73.52.181.76","US","United States","7922","COMCAST-7922","0","73.52.181.76"
"705","199.116.118.204","US","United States","46562","TOTAL-SERVER-SOLUTIONS","1","199.116.118.204"
"706","172.11.220.144","US","United States","7018","ATT-INTERNET4","0","172.11.220.144"
"707","162.231.57.35","US","United States","7018","ATT-INTERNET4","0","162.231.57.35"
"708","173.63.75.54","US","United States","701","UUNET","0","173.63.75.54"
"709","173.26.156.0","US","United States","30036","MEDIACOM-ENTERPRISE-BUSINESS","0","173.26.156.0"
"710","134.29.12.212","US","United States","675","MSUS-AS","0","134.29.12.212"
"711","172.56.20.18","US","United States","21928","T-MOBILE-AS21928","0","172.56.20.18"
"712","69.120.86.22","US","United States","6128","CABLE-NET-1","0","69.120.86.22"
"713","23.120.240.219","US","United States","7018","ATT-INTERNET4","0","23.120.240.219"
"714","98.227.21.111","US","United States","7922","COMCAST-7922","0","98.227.21.111"
"715","192.171.18.169","US","United States","63452","VELOCIHOST","0","192.171.18.169"
"716","71.228.210.47","US","United States","7922","COMCAST-7922","0","71.228.210.47"
"717","35.134.249.145","US","United States","33588","BRESNAN-AS","0","35.134.249.145"
"718","174.86.143.20","US","United States","20115","CHARTER-NET-HKY-NC","0","174.86.143.20"
"719","104.238.32.136","US","United States","15003","NOBIS-TECH","1","104.238.32.136"
"720","173.27.185.86","US","United States","30036","MEDIACOM-ENTERPRISE-BUSINESS","0","173.27.185.86"
"721","73.169.233.243","US","United States","7922","COMCAST-7922","0","73.169.233.243"
"722","67.61.187.126","US","United States","11492","CABLEONE","0","67.61.187.126"
"723","108.46.147.102","US","United States","701","UUNET","0","108.46.147.102"
"724","99.88.186.125","US","United States","7018","ATT-INTERNET4","0","99.88.186.125"
"725","75.90.207.173","US","United States","7029","WINDSTREAM","0","75.90.207.173"
"726","172.246.27.94","US","United States","18978","ENZUINC-US","1","172.246.27.94"
"727","69.247.72.26","US","United States","7922","COMCAST-7922","0","69.247.72.26"
"728","98.177.248.195","US","United States","22773","ASN-CXA-ALL-CCI-22773-RDC","0","98.177.248.195"
"729","68.96.225.223","US","United States","22773","ASN-CXA-ALL-CCI-22773-RDC","0","68.96.225.223"
"730","24.111.249.99","US","United States","11232","MIDCO-NET","0","24.111.249.99"
"731","97.116.11.68","US","United States","209","CENTURYLINK-US-LEGACY-QWEST","0","97.116.11.68"
"732","98.26.20.148","US","United States","11426","SCRR-11426","0","98.26.20.148"
"733","74.250.171.127","US","United States","6389","AS6389","0","74.250.171.127"
"734","24.167.162.47","US","United States","11426","SCRR-11426","0","24.167.162.47"
"735","98.251.53.104","US","United States","7922","COMCAST-7922","0","98.251.53.104"
"736","147.26.39.173","US","United States","18777","TSU-SM","0","147.26.39.173"
"737","107.181.164.70","US","United States","46562","TOTAL-SERVER-SOLUTIONS","1","107.181.164.70"
"738","216.107.42.74","US","United States","7018","ATT-INTERNET4","0","216.107.42.74"
"739","156.110.78.46","US","United States","5078","ONENET-AS-1","0","156.110.78.46"
"740","162.27.12.131","US","United States","14328","RRD","0","162.27.12.131"
"741","216.107.59.47","US","United States","7018","ATT-INTERNET4","0","216.107.59.47"
"742","67.163.71.227","US","United States","7922","COMCAST-7922","0","67.163.71.227"
"743","172.56.20.119","US","United States","21928","T-MOBILE-AS21928","0","172.56.20.119"
